,title
0,777
1,4성 케일을 찍고도 본점에 못 간 이유..
2,18시즌 프리즘 시너지 두과자ㅏㅏㅏ
3,인.간.시.대.의.끝.이.도.래.했.다
4,온 세상이 구인수
5,해금 마스터
6,슈퍼울트라하이퍼킹갓제너럴캡숑짱짱맨킹왕짱Z존간지초메가매우엄청쥰나 큰 초가스
7,행복 총량의 법칙
8,게이트 오브 바빌론
9,11별
10,"쉔, 제드 이스터에그 처음 본 사람"
11,드디어 시작된 17시즌 마지막 숙제
12,다시 한 번 도래한 워황의 시대
13,3성 샌드백
14,황금 수저로 태어나면 벌어지는 일
15,[인기급상승동영상#3] 이비인후과 귀지제거 내시경 영상 난이도 최상
16,[#인기급상승] 레전드 충청도 식 화법 모음ㅋㅋㅋ 적어도 세 번은 물어봐야 돼!! 거절 아니었어..? | #서울촌놈 | #Diggle
17,[#인기급상승] 이번엔 오윤희네 가족이 폐가하우스에 떴다✨ 현수X종훈 어색한 부녀케미를 놀리는 엄기준ㅋㅋㅋ 실제로 친하니까 오해 금물 ^^ | #해치지않아 #디글
18,[#인기급상승] 살인을 무려 19년 동안 들키지 않고 살았던 불법체류자;; 우리나라의 허술한 법을 악용한 중국인의 최후 | #알쓸범잡2
19,(#인기급상승동영상)밥통에 사과를 넣었더니 그립던 옛맛에 눈물이 납니다
20,인기급상승🔝건강한 아침식사로 내 몸이 웃어요! 쿡언니네 아침식사 레시피 4가지
21,[#인기급상승] 국밥집 깍두기 하나로 살인사건 범인을 찾을 수 있었던 이유!?🔬 세상의 틈을 메꾸는 국과수 {유전자 분석 전문가} | #알쓸인잡
22,✨최근 인기 급상승! 지중해 로망의 종착지✨ 아름다운 시칠리아와 노인을 위한 나라 몰타｜요즘 뜨는 은퇴하면 살고 싶은 곳｜유럽 한 달 살기｜세계 여행｜세계테마기행｜#골라듄다큐
23,"[#인기급상승] (허재 풀버전) 농구 & 주당 레전드 허재의 금주 도전기! ""술 없이 밥만 먹자"" 소주 80병(?) 주량 허재의 금주 결과는? | #업글인간 #디글"
24,"[#인기급상승] ""은별이가 X이슬 먹고 싶대.."" 술 먹고 싶다는 최예빈에 급 천서진으로 돌변한 찐엄마 김소연 반응ㅋㅋㅋ🤣 | #해치지않아 #디글"
25,[#인기급상승] 유재석 사주부터 미래까지 소름 돋게 맞힌 신인 무당🔥 심지어 작품 캐스팅 예언한 뒤에 실제로 캐스팅 된 전소민 ㄷㄷ | #식스센스2 #디글
26,💙요즘 인기 급상승 중인 MZ표 이별송 : BOYNEXTDOOR( 보이넥스트도어) - 오늘만 I LOVE YOU [가사/Eng lyrics]
27,전유진 대단하다! 더블 100만뷰 신기록! 불렀다하면 인기급상승 무대등극! 대중들이 이토록 전유진에게 푹 빠져버린 이유는? 현역가왕 전유진 멍에 꼬마인형 매일 기록 갱신중!
28,[#인기급상승] 강형욱 피셜 맹~해 보이는 풍산개 용철의 매력🐾 아빠가 없으면 이 집의 가장은 늠름한 용철이여~!ㅣ#고독한훈련사
29,매운짬뽕 사먹기 귀찮아서 그냥 만들어먹었습니다
30,[#인기급상승] #성장캐윤균상 막내 역할 완벽하게 수행✨ 형들의 불안함도 해결해주는 황금 막내!! | #텐트밖은유럽노르웨이편
31,지금 미국·일본에서 난리난 ‘이 영상들’ 실시간 확인하는 법 (로그인 없이 1초 추적)
32,[#인기급상승] 백전백승의 기술을 터득한 유니콘?🦄 장난 충만한 세 여자들의 보복 TIME
33,2024년 6월 4주 인기급상승 조회수 TOP 3 핫이슈 유튜브 #인기급상승영상
34,"이번 추석 제대로 준비했습니다, 상품권도 드리고 신차가대비 반값된 쿠페 SUV도 가져왔습니다"
35,[#인기급상승] #박아련 박다르크 등장🔥 잘 봐 언니들의 싸움이다! 커플 ver. 피지컬 100💪🏻 美친 승부욕에 아드레날린 대잔치 | #2억9천
36,2024년 9월 1주 인기급상승 조회수 TOP 3 핫이슈 유튜브 #인기급상승영상
37,수입차 입문으로 추천 1순위 15인치 안드로이드 오토까지 추가 장착한 미친컨디션의 528i 럭셔리 960만원?!!! 전국 완전 최저가
38,2024년 8월 4주 인기급상승 조회수 TOP 3 핫이슈 유튜브 #인기급상승영상
39,[#인기급상승] 최약체 투표 1위 김승현 VS 특전사 출신 최영재의 반전 대결! 이만기도 감탄하는 기술로 힘을 이기는 김승현🤼 | #씨름의제왕
40,[#인기급상승] 현역 선수와 평가전 치른 자이언트 핑크! 같은 체급이지만 확실히 다른 기술의 힘💪 선수를 이긴 출연자는?! | #씨름의여왕
41,"[미스터트롯] 영탁 인기 급상승!🕺 ""니가 왜 거기서 나와"" 뒷목댄스 🎤1시간 연속재생"
42,[#인기급상승] 업글 완료된 #성장캐허성태 🤣 은근 귀여운 넷플릭스 맨의 팬 서비스는 클라스가 다름ㅋㅋ | #부산촌놈in시드니
43,2024년 7월 2주 인기급상승 조회수 TOP 3 핫이슈 유튜브 #인기급상승영상
44,누적조회수 1200만‼️ 인기급상승 등극했던 살빠지는 양배추 요리 11가지👍🏻 매일 밥대신 드세요😋
45,2024년 10월 2주 인기급상승 조회수 TOP 3 핫이슈 유튜브 #인기급상승영상
46,[#인기급상승] 김수미의 이북식 요리 대첩🔥 원조 국민 MC 이택림 위해 만든 ‘꿩 만둣국’과 ‘꼴뚜기 순대‘👍 | #회장님네사람들
47,[#인기급상승] 잠깐 TIME!! 이분 한국인 아니에요?🤔 세상 정확한 발음으로 K-POP 따라 부르는 지락실 태국 스태프들ㅋㅋ | #뿅뿅지구오락실
48,2026년 06월 25일 유튜브 인기 급상승 TOP 10 🔥
49,[#인기급상승] 조정석이 초등학생 때 오글거리는 시를 쓴 이유ㅋㅋㅋ 제목이 '왕자병'인 게 킬포│#인생술집│#Diggle
50,2024년 11월 1주 인기급상승 조회수 TOP 3 핫이슈 유튜브 #인기급상승영상
51,2025년 1월 4주 5주 인기급상승 조회수 TOP 3 핫이슈 유튜브 #인기급상승영상
52,2025년 2월 3주 4주 인기급상승 조회수 TOP 3 핫이슈 유튜브 #인기급상승영상
53,[#인기급상승] 최약체 투표 1위 김승현 VS 특전사 출신 최영재의 반전 대결! 이만기도 감탄하는 기술로 힘을 이기는 김승현🤼 | #씨름의제왕
54,2026년 06월 26일 유튜브 인기 급상승 TOP 10 🔥
55,2025년 4월 3주 4주 인기급상승 조회수 TOP 3 핫이슈 유튜브 #인기급상승영상
56,댓글모음(Top 5 댓글 | 인기 급상승 | Youtube 24년 9월 1째주)
57,"[최신가요 실시간 인기차트] 2026년 8월 26일 4주차, 멜론차트 X, 노래모음 KPOP 플레이리스트 멜론 종합차트"
58,비니쌤 (BINIXXAM) - 인기급상승 [가사/Lyrics]
59,2026년 06월 29일 유튜브 인기 급상승 TOP 10 🔥
60,2025년 1월 1주 2주 인기급상승 조회수 TOP 3 핫이슈 유튜브 #인기급상승영상
61,[#인기급상승] 질투심에 눈멀어 친한 친구의 가정을 파괴한 동창생. 단지 콤플렉스 때문에 결혼 생활을 뺏으려 했다고? | #알쓸범잡2
62,2026년 06월 24일 유튜브 인기 급상승 TOP 10 🔥
63,[#인기급상승] 살을 찌우면 상금이 올라간다!💰 거액의 상금을 위해 몸무게를 찌웠다 뺐다 하는 참가자들! | #제로섬게임
64,[#인기급상승] 참호격투 미션에서 발생한 #피지컬싸움 💥 하이에나와 호랑이의 싸움 같은 살벌함ㄷㄷ | #2억9천
65,인기 급상승 동영상#3 #좀비딸 #SEVENTEEN
66,인기급상승동영상#10 수술없이 눈이 커진다 ｜ 버츄 아이
67,[#인기급상승] 5년 동안 총 4.5L의 자신의 피를 뽑아 얼려 만든 자화상이 있다?! 냉동고 없이는 존재할 수 없는 자화상의 의미 | #신기한미술나라
68,[#인기급상승] 국내 UFO 짱✨ 최고 전문가 맹성렬 교수님의 흥미로운 UFO 이야기. 전 미국 대통령이 UFO 접촉자였다고?👽 | #유퀴즈온더블럭 #디글
69,[#인기급상승] 미주에게 영국 수도는..잉글랜드?아일랜드? 유재석을 놀라게 만든 미주의 순수함🤣 몰아치는 스몰지식에 과부하 온 식센이들😵 | #식스센스2
70,"[#인기급상승] ""사귀는 도중 다른 여성에게 육체적 끌림을 느낀 적 있습니까?"" 다시 돌아온 마라맛 거짓말 탐지기🔥 | #2억9천"
71,[#인기급상승] 🌕추석특집🌕 초반 유퀴즈를 먹여살린 레전드 시민 모음.zip♥ (갤러리 과장님/사넬 미용실/성북동 할머니)│#유퀴즈온더블럭│#Diggle
72,[#인기급상승] 여전히 전통을 이어나가고 있는 마야인들의 삶😮 알면 알수록 신기한 마야의 의식주 문화 알아보기🧐 | #형따라마야로
73,[#인기급상승] 이게 되네?!ㅋㅋ 대구 스낵으로 대굿국 끓이는 기적의 레시피🤔 본격 텐트 안은 요리연구소👨🏻‍🍳 | #텐트밖은유럽노르웨이편
74,2026년 06월 22일 유튜브 인기 급상승 TOP 10 🔥
75,[#인기급상승] 김민아가 방송 중에 운 이유? 30초 만에 눈물 ㄸㄹㄹ💧 감성 풍부한 민아치 | #온앤오프 | #Diggle
76,[#인기급상승] 배우끼리 여행가서 노는 법 ㅋㅋㅋ 심심할 틈이 없는 조합의 순수한 장꾸 케미🤣 | #텐트밖은유럽노르웨이편
77,[#인기급상승] 남친 강하게 키우는 신혜선🔥 넘어져도 아랑곳하지 않음ㅋㅋㅋ 서바이벌에서 배우는 커플 간 소통의 중요성(?) | #2억9천
78,"[#인기급상승] 철권 집착광공 남규리, 이기니까 나오는 찐텐 미소(✿´ ワ `✿) 너무 귀여워서 벽 오만 번 치는 중 | #온앤오프 #디글"
79,[#인기급상승] 아시아 최초✨미라 내시경 검진에 성공!! 미라를 통해 과거와 소통하는 미라 연구가 한겸 자기님! | #유퀴즈온더블럭
80,[#인기급상승] (빵터짐 주의) 밥 먹고 있는데 장수말벌이 날아왔을 때의 흔한 반응🐝.. 뿌에엥ㅠㅠㅠ🥺 | #온앤오프 | #Diggle
81,꽂비가 내리는 날 #노래추천 #인기급상승 #음악감상 #봄날 #힐링송 #가사좋은노래
82,[#인기급상승] 김아중이 직접 만든 무화과 요거트🍽 후식으로 약밥 먹방하는 밥의 민족들ㅋㅋㅋ🍚 | #바퀴달린집4
83,[#인기급상승] #김슬기 MC들도 반한 걸크러쉬😎 슬기가 있는 곳엔 공기가 2도 정도 차다…❄ 명승부 보여주는 쾌녀 K-엄마 파워 | #2억9천
84,[#인기급상승] #차셰프 있는 곳은 어디든 한식 가능 ㄷㄷ 멕시코 닭으로 만든 닭볶음탕 美친 비주얼✨ | #형따라마야로
85,2026년 06월 28일 유튜브 인기 급상승 TOP 10 🔥
86,저하늘 별을찾아 - 민아 (원곡 유지나) #트로트 #인기급상승 #신나는트로트 #낭만트로트 #장민음악 #가수장민 #효사랑
87,인기 급상승 음악#1 BTS (방탄소년단) 'Permission to Dance' Official MV
88,[#인기급상승] 그림 같은 #노르웨이피오르 더 특별하게 즐기는 방법 공개🏕️ 바로 영하 13도에 바다에 입수하기⁉️ | #텐트밖은유럽노르웨이편
89,#인기급상승 │상급자가 하급자에게 한 폭언과 갑질로 모욕 혐의?? 모욕죄로 군사재판 받은 사연은?
90,인기 급상승 부탄가스 대박 가성비 베스트5!
91,난리났다! 이엘리야/ 남성 펜심 흔들어 논 이엘리야 인기 급상승 [내이름 석자 뮤비 커버곡]#미스트롯4 #인기급상승#이 엘리야
92,[#인기급상승] 보는 사람 심장까지 쫄깃해지는 데스매치 긴장감ㄷㄷ 과연 최종 탈락하게 된 커플은?😲 | #2억9천
93,[#인기급상승] 누락❓ 처리 完. 사고❓ 수습 完. 👍 동료 일이 곧 내 일이다! 대리 쾌감 쩌는 알잘딱깔센 알바들💨 | 장사천재백사장2
94,사랑의 트위스트무대를 흔든 폭발적라오니엘#인기급상승 #인기동영상 #맞춤동영상#라오니엘#트위스트#폭발적인무대#레전드공연#조회수폭발
95,연모 - 장민 (원곡 박우철) #트로트 #인기급상승 #신나는트로트 #낭만트로트 #장민 #장민가수 #가수 장민
96,[#인기급상승] 남규리 별안간 남산에서 가성비 피티 받는 중🤸 상상도 못한 남규리 행동에 빵 터진 패널들ㅋㅋㅋ | #온앤오프 #디글
97,인기 급상승 tv BEST5 후기 및 특가정보
98,현역가왕2 5주차 응원투표 총정리! 인기 급상승에도 아쉽게 탈락한 참가자들
99,인기 급상승 데님자켓 추천순위 및 특가정보
100,[Playlist] 이노래 들어봤어? k-pop 인기급상승곡모음 2025년 6월3주차
101,[인기급상승동영상 #1 기원] 오늘도 남동생에게 당했습니다.. (ft. 털보와 게임)
102,인기 급상승 탄산수 TOP5! 가격 및 평점 비교
103,[#인기급상승] 수용 생활을 버티게 해준 '그것'✨ 거창할 필요 없는 지극히 나만의 의미를 찾는 것의 중요성 | #알쓸인잡
104,[#인기급상승동영상] 이렇게 신기한 방법 아세요 ? 양배추 아이디어 2가지
105,반영이 이쁜호수길/ 인기급상승호수길/그림같은산세
106,아름다운 강산 들썩이는 압도적 보컬 라오니엘 🌄🔥#인기급상승 #인기동영상 #맞춤동영상 #라오니엘 #아름다운강산 #압도적보컬 #레전드무대 #조회수폭발
107,인기 급상승 셀린느가방 베스트5! 제품 비교 분석
108,비내린 밤 - 장민 #인기급상승 #AI #사랑 #그리움 #가수장민
109,2026년 8월 31일#명품복숭아딱딱이#인기급상승#천하제일도복숭아수확날#건강한먹거리#저푸른초원위에푸른들판
110,[🏀KBL] KBL '인기 급상승' 구단 연습경기 염탐하기 ｜고양 소노 스카이거너스 프리시즌 연습경기
111,[#인기급상승] 실전 근육과 근육량의 긴장감 넘치는 모래판 사투! 금광산과 핏블리의 경기력은? | #씨름의제왕
112,[#인기급상승] 눈앞에 결승선을 두고 펼쳐진 #진흙탕싸움 😮 이게 진짜 결혼전쟁이다ㄷㄷ | #2억9천
113,2024년 11월 2주 인기급상승 조회수 TOP 3 핫이슈 유튜브 #인기급상승영상
114,지금 뜨고 있는 인기 급상승 TOP 10 (평점 4.5·리뷰 300개 이상)
115,🔺인기급상승🔺 성북 공식 트로트신동의 사랑넘치는 이야기 (ㅈㅉㄱㅇㅇ)❣️ ⏐왓츠 인 마이백🧳 시즌2
116,인기급상승 You're a Superstar #Gary O'Reilly #Maggie Gallagher #absolutebeginner #유얼어슈퍼스타
117,[#인기급상승] 나만 이렇게 멋진 언니 없어ㅠㅠ 동생들의 열렬한 환호 속에 깜짝 등장하는 큰언니 김영옥🤗 | #회장님네사람들
118,[#인기급상승] 한선화의 기억 속에서 삭제된 뚱유니💦 초면인 듯 초면 아닌 문세윤과 한선화ㅋㅋ | #놀라운토요일
119,미운사람아 - 장민 (원곡 신승일) #트로트 #인기급상승 #신나는트로트 #낭만트로트 #가수장민 #장민가수 #장민
120,[#인기급상승] 연인vs2억9천 중 단 하나만 선택한다면?🔥 예비부부 긴장하게 만든 현실 #결혼공감 되는 민감한 질문들ㄷㄷ | #2억9천
121,[#인기급상승] 잊을만하면 연말 콘서트 홍보하는 김범수ㅋㅋㅋㅋ 홍보 그만하고 받쓰 하시라구요~ (feat. 보고싶다) | #놀라운토요일
122,영탁 《 누나가 딱이야 》 인기급상승 / 히트곡 / 애창곡 / 10번반복 / MBC가요베스트 587회 고흥1부 / 2018신재생에너지축제 [고화질/고음질]
123,"기름값 폭등 속 인기 급상승 중고차, 무조건 이거 보시고 구매하러 가세요"
124,서른즈음에 - 장민 (원곡 김광석) #인기급상승 #가수장민 #장민가수
125,*조회수 높았던 베스트만 싹 모아놓은 10월 최다 인기영상 모음집 몰아보기
126,갈매기 사랑 - 수진이 (원곡 설운도) #트로트 #인기급상승 #신나는트로트 #낭만트로트 #가수장민 #장민음악 #효사랑
127,원신 ｜ 원신 역대급 트레일러! 게임 인기 급상승 동영상 #바르카 몬드 낭만 ｜ 캐릭터 트레일러-「바르카: 기사도」바르카에 관한 사실 | 기사의 미덕 | 모두가 보는 바르카
128,"김용빈 트로트가수 브평 2위, 인기 급상승! 인기 순위 지각변동! 임영웅 4년3개월 1위, 손빈아 4위! 박서진 5위"
129,[인기 급상승 예감] 룰루쏭(Lullu Song) 메인 테마곡🐥🎵 | 전 국민이 아침에 무조건 들어야 하는 노래! | 하루 에너지를 바꿔줄 36초 비타민쏭!☀️
130,2026년 06월 25일 Art AI 작품 인기 급상승 TOP 10 🔥
131,[#인기급상승] 미슐랭 쉐프가 직원으로 일하는 반주 클라스 ㄷㄷ 백종원 표 칭찬이 제일 좋은 귀염뽀짝 파브리✨ | #장사천재백사장2
132,[#인기급상승] 본업 잊을 정도로 장사에 진심인 존박X이규형 일잘러 모먼트✨ 레전드 위기 대처 능력으로 속이 뻥 뚫리는 사이다 선사하는 두 남자🍾 | #장사천재백사장2
133,[#인기급상승] 등장과 함께 몰려드는 사람들! 이게 바로 영탁 클라쓰! 영탁 노래 모음🎤 | #쇼오디오자키 | #Diggle
134,강와사비를 듬뿍 넣은(심쿵주의)ft.능력돼지
135,[#인기급상승] 백종원을 필두로 신입부터 사수까지 ⭐일.잘.알⭐만 모였다❗ 홀부터 주방까지 구멍이란 없는 '반주'의 직원들😉 | #장사천재백사장2
136,[인기 급상승 동영상 #6] 🚨지냥수배🚨 방학동안 고양이 쫓아다닌 썰 푼다
137,"[권영찬]황영웅 유튜브 2일 연속 1위, 음악 인기 급상승 동영상 20위 진입! 대박 팬 서비스 행사 예고"
138,"이찬원 유튜브 주간 아티스트, 주간 인기 곡, 인기 급상승 순위~!!! 브라이트 찬 2집 미니앨범 하늘여행, 명작, 꽃다운날, 당신을 믿어요"
139,[#인기급상승] “희원 보기 전에 빨리 먹어봐..!” 🥩때깔부터가 다른 안동 한우 갈비에 휘둥그레진👀 김민하 | #바퀴달린집4
140,i7 게이밍 노트북 요즘 인기 급상승 중인 꿀템
141,[#인기급상승] 태국ver 재벌집 막내아들(?)😂 드라마가 급 착해짐 ㅋㅋㅋㅋ 도란도란 액티비티 데이트하는 재벌즈 | #아주사적인동남아
142,CORTIS [#코르티스] - RED RED [#레드레드] 💥 / #Shorts 📸 / #인기급상승 🔼 / #릴스챌린지 📹 / #릴레이댄스 🎸 / #K-pop 댄스 🇰🇷
143,"[#인기급상승] 가요제 스타 이상우와 원미연이 함께 부르는 추억의 곡, 〈이별 이야기〉🎵 우리를 그 시절로 돌아가게 하는 환상의 하모니✨ | #회장님네사람들"
144,[#인기급상승] 현직 국대 제대로 발라버리는 전직 국대 신수지의 레전드 코어💥 되치기를 되치기 해버리네..ㄷㄷ | #씨름의여왕
145,스포츠.뉴스정치국회청와대.유튜브인기급상승동영상.WORLD KOREA SUPERSTAR.CNN.KBS.MBC.SBS.JTBC.YTN.MBN.TV조선.채널A.CBS.아프리카TVBJ
146,2024년 11월 3주 4주 인기급상승 조회수 TOP 3 핫이슈 유튜브 #인기급상승영상
147,[#인기급상승] 미처 몰랐던 대한 외국인들의 고뇌 ㅋㅋㅋ🤣 K-외국인 서열 정리하는 귀한 장면 | #살아있네!살아있어
148,"[국내 신곡] 실시간 신규 음악, 인기 급상승 음원, KPOP 노래 모음, 음악 듣기, TOP 10, 광고 없음, 요즘 뜨고 있는 곡 차트, HOT한 최신 가요, 히트 할만한 음악"
149,[#인기급상승] (최신판) 유재석X제시 식스센스 케미 총 모음.zip 재석 오빠의 진심 어린 위로에 제시 눈물│#식스센스 #디글
150,[#인기급상승] 故 박윤배와 전원일기 식구들의 소중한 시간✨ 그리고 눈물 없이 볼 수 없는 아빠와 딸의 기적 같은 만남 | #회장님네사람들
151,[#인기급상승] 자연인이 된 김동완의 심기를 거스르는 것은?ㅋㅋㅋ 잔디 깎는 게 이렇게 웃길 일?ㅜ 사람 냄새 폴폴.. | #온앤오프 | #Diggle
152,[#인기급상승] 혜리(Hyeri) 한입만 놀토 스페셜🧡 문세윤도 위협하는 짜장면 먹방! 진짜 복스럽게 잘 먹는다..🤤 | #놀라운토요일 #디글
153,2024년 9월 4주 인기급상승 조회수 TOP 3 핫이슈 유튜브 #인기급상승영상
154,[#인기급상승 ] 갈수록 고도화되는 기술과 승부욕 (자존심을 건 두 여자의 씨름대결)
155,베스트 2026 크리스마스 노래 🎅 연말 감성 최고조❄️ 인기 급상승 캐롤 모음 🎁
156,[#인기급상승] 요즘 대세들이 드디어 뭉쳤다🔥 첫만남부터 이미 웃음 한도초과ㅋㅋㅋ🤣 | #한도초과
157,[인기급상승]황태채 장아찌 무침 고급 밑반찬 감칠맛 내는 비법
158,[#인기급상승] 시즌 1 홀 담당이었던 내가 시즌 2 메인 셰프?🔥 장천백 마스코트 권유리에게 주어진 메인 메뉴 레시피 완벽 숙지 미션!👀 | #장사천재백사장2
159,[#인기급상승 ] 창과방패ㅣ강대강으로 만난 기술싸움
160,2025년 3월 1주 2주 인기급상승 조회수 TOP 3 핫이슈 유튜브 #인기급상승영상
161,[#인기급상승] 김보름 얼굴 빨갛게 달아오르게 한 현역 훈남 씨름 선수들의 찐 대결 한 판 👊 | #씨름의여왕
162,[#인기급상승] 결혼자금 2억 9천을 두고 벌어진 #진흙탕싸움 ㄷㄷ 과연 첫 번째 미션의 결과는? | #2억9천
163,"[#인기급상승] 외국 손님들 입맛 사로잡은 K-푸드 최강자 김밥🍴 성공적인 데뷔를 마친 불고기, 참치, 치킨이 들어간 3종 김밥⭐ | 장사천재백사장2"
164,"[인기 급상승 종목]버티는 종목 ""반등 때 더 오른다""…변동성 높은 증시, 투자 대응은? (정윤성, 곽영훈, 이권희, 하창완, 김성훈)ㅣK-스탁 라이브ㅣ한국경제TV"
165,[#인기급상승] 브레이브걸스 역주행 축하 메보좌가 쏘는 한우 파티!🍖🥩 입에 넣자마자 녹아 사라지는 소고기 먹방 (Brave Girls) | #업글인간 #디글
166,[#인기급상승] 끝까지 쉴 수 없는 마지막 승부😭 누구도 포기하지 않은 감격의 결승전ㅠ 2억 9천의 주인공은?! | #2억9천
167,[#인기급상승] 원조 한류스타 정훈희의 꽃밭 콘서트💐 시상식에서 탕웨이를 울렸던 가수💦 정훈희의 깜짝 방문🙌 | #회장님네사람들
168,다시 올리는 영상ㅋㅋ #인기급상승동영상1위
169,더하기곱하기 - 장민 (원곡 강문경) #트로트 #인기급상승 #신나는트로트 #낭만트로트 #가수장민 #장민가수 #장민 #장민음악
170,"[#인기급상승] ""말 해도 돼요…?"" 위기 모면하려 임신 사실 밝히는(?) 박민영🙊 그리고 김재영과 깜짝 결혼 발표까지! | #월수금화목토"
171,미운사랑 - 민아 (원곡 진미령) #트로트 #인기급상승 #신나는트로트 #낭만트로트 #장민음악 #가수장민
172,"[인기 급상승 종목] HBM 수요 여전히 견조…한미반도체 '충분히 매력적' (정윤성, 이권희, 김동공)ㅣK-스탁 라이브ㅣ한국경제TV"
173,[#인기급상승] 식스센스 찢고 간 장동윤 분량 모음! 흔한 잘생긴 사람을 본 여고 동창들의 반응ㅋㅋㅋ 이런 주접 대마왕들 | #식스센스 #디글
174,#인기급상승동영상 복숭아를 전자렌지에 넣어 보세요 1년이 행복합니다 #1인식사
175,"[인기 급상승 종목] 시대의 주도 흐름은 아니지만…시장에서 아웃퍼폼 할 '이 종목' (정윤성, 반종민, 이기택)ㅣK-스탁 라이브ㅣ한국경제TV"
176,[#인기급상승] 언니에게 탱고의 어원을 듣고 눈물 흘리는 안현모😢 탱고와 함께 마음의 합도 맞출 수 있을까? | #우리들의차차차
177,"[이슈] '1,200만 관중 시대' 꿈이 아닌 프로야구...인기 급상승 속 '입장권 거래 사기' 들끓어/2025년 7월 7일(월)/KBS"
178,"요즘 인기 급상승 곡, Pink Sweat$ - At My Worst [가사/해석/자막]"
179,[#인기급상승] 첫 눈에 반한 전학생이 여자가 아니다?! 남녀 성별이 공존하는 XXXY(인터섹슈얼)이라는데.. | #OPENing
180,인기 급상승 동영상#3 #좀비딸 #SEVENTEEN #아이유
181,"[#인기급상승] 80년대 국민 MC 이택림의 전성기 시절 수입은?💸 대한민국의 웃음을 책임 지던 원조 만능꾼, 재치 있는 입담으로 회장님네 장악하다!💥 | #회장님네사람들"
182,"[인기 급상승 종목] ""유리기판株 심상치 않다""…단기 상승 아닌 이제 시작! (정윤성, 반종민, 이기택)ㅣK-스탁 라이브ㅣ한국경제TV"
183,[#인기급상승] 국내 근현대미술 경매가 Top10 중 9개가 한 명의 화가? 도합 620억💰 억 소리 나는 미술 작품 중 최고가 작품 가격은? | #신기한미술나라
184,"[인기 급상승 종목] 아브레우 박사에 쏠린 '눈'…동해 석유, 명확한 답 나올까? (정윤성, 이기택, 반종민, 정태근, 김덕호)ㅣK-스탁 라이브ㅣ한국경제TV"
185,[#인기급상승] 식스센스 멤버들보다 더 한 유치원생들 레전드 어록 모음ㅋㅋㅋ | #식스센스 #디글
186,댓글모음(Top 5 댓글 | 인기 급상승 | Youtube 24년 10월 2째주)
187,[#인기급상승] 88올림픽 만큼 흥미있는 필테 양정원과 원더걸스 유빈의 88년생 동갑내기 매치🥊 | #씨름의여왕
188,[#인기급상승] 메뉴판만 보고 망한 이유 분석해낸 백사장 통찰력😲 골목에서 식당 했던 짬에서 나온 VIBE.. 괜히 ‘장사천재’가 아니었던ㄷㄷ | 장사천재백사장2
189,[#인기급상승] 배우들이 뽑은 〈전원일기〉 최고의 명장면은?🏆 21년이 지난 지금까지도 웃음과 감동이 가득한 드라마 〈전원일기〉✨ | #회장님네사람들
190,"[인기 급상승 종목] 큰 폭 반등세 보이는 조선株…실적으로 말한 '전력·AI株'는? (정윤성, 곽영훈, 이권희, 하창완, 김성훈)ㅣK-스탁 라이브ㅣ한국경제TV"
191,[#인기급상승] 하양&노랑 or 파랑&검정 어떤 색으로 보이나요? SNS에서 화제가 된 원피스 색깔 논란! 실제 원피스의 색을 보는 사람은 24% 밖에 없다?! | #신기한과학나라
192,[#인기급상승] 상욱쌤 포기하지 말아요! 은지원과 장도연의 쉴 틈 없는 드립 폭격에 무너진 극한 직업 김상욱 | #신기한과학나라
193,[#인기급상승] 새삥 챌린지는 못 참지~! 춤 좀 추는 연예인들을 동참하게 만든 스웨그&트렌디함으로 중무장한 위댐보이즈 바타의 〈새삥〉 안무 | #스트릿맨파이터
194,[#인기급상승] ※침샘주의※ 스페인에서 한식 주점 오픈한 백사장의 대박 비법✨ 육전에 파무침 대신 ‘루꼴라’를 곁들여 현지 입맛을 사로잡아라!😋 | #장사천재백사장2
195,[#인기급상승] 살면서 절대 만나면 안 될 시어머니 상😳 국민 배우 서권순 자기님 모음! 연기 살살해주세요ㄷㄷ│#유퀴즈온더블럭│#Diggle
196,[#인기급상승] #다시만난 환상의 조합 🥰 제작진의 걱정도 이긴 노르웨이를 향한 열정 ㅋㅋㅋ | #텐트밖은유럽노르웨이편
197,"[#인기급상승] 1년 만에 합격, 8시 뉴스 앵커가 된 초엘리트 박선영 아나운서가 프리 선언을 한 이유│#유퀴즈온더블럭│#Diggle"
198,댓글모음(Top 5 댓글 | 인기 급상승 | Youtube 24년 9월 2째주)
199,[#인기급상승] 이것만 알면 나도 매화 장사😮?! 진짜 씨름의 여왕이 알려주는 여자씨름의 기술! | #씨름의여왕
200,"[인기 급상승 종목] 뉴진스 두고 '집안싸움'…하이브 충격, 증시 향방은? (정윤성, 변영인, 반종민, 윤여민, 이권희, 배창학)ㅣK-스탁 라이브ㅣ한국경제TV"
201,[#인기급상승] (1분) 아니 이걸 못맞춘다고?!?😱 양서고등학교 방송부 홍보영상 #신서유기 #고요속의외침 #양서유기 | studio YSBS
202,댓글모음(Top 5 댓글 | 인기 급상승 | Youtube 24년 8월 4째주)
203,[#인기급상승] 언어 천재 #곽준빈능력 폼 미쳤다ㄷㄷ 한국인인 거 강조하는 곽준빈🤣 이들이 호주에서 뜬금없이 중국어를 쓰게 된 사연은?! | #부산촌놈in시드니
204,[#인기급상승] 이*토스트의 '가이드' 김하경 대표님의 프랜차이즈 대박 비결💸 '가맹비 0원' 책정의 감동적인 이유! (2/2) | #유퀴즈온더블럭 #디글
205,"유튜브 알고리즘 100% 공략, 인기 급상승 영상 검색 프로그램 무료 배포"
206,[#인기급상승] 호시탐탐 백종원의 가게를 노리는 야망캐(?) 이장우ㅋㅋㅋ🤣 엄격한 스승과 둥글둥글 제자의 폭-발하는 대환장 케미💥 | #장사천재백사장2
207,[#인기급상승] 억텐으로 먹방하는 소식좌 주우재 ㅋㅋㅋ 본격 다이어트 자극 영상(?) 8분 동안 ‘배불러’는 몇 번이나 나올까? | #매력티비
208,[ENG][#인기급상승] 이게 바로 15년 동안 쌓아온 광기다🔥 윤아의 Tears 회식.ver에 웃겨 죽는 소녀시대ㅋㅋㅋ🤣 완전체(with 키) 아갓보까지! | #놀라운토요일
209,"[#인기급상승] “한식... 미친 듯이 맛있다! (감격✨)” 현지인 순도 100% 찐 리액션 모음😂 미슐랭 거리, 한국이 완전 정복 완.료-!⭐ | #장사천재백사장2"
210,[#인기급상승] “담다디가 대상 곡은 아니야~” 마음만은 이미 대상이었던 이상우😂 〈강변가요제〉 금상 수상 비하인드🏆 | #회장님네사람들
211,아미새 - 장민 (원곡 현철) #트로트 #인기급상승 #신나는트로트 #낭만트로트 #가수장민 #장민가수 #장민
212,"[인기 급상승 종목] 예뻐진 '미용의료·화장품株'…지금 담아도 될까요? (정윤성, 하창완, 염정, 이기택, 반종민)ㅣK-스탁 라이브ㅣ한국경제TV"
213,"[인기 급상승 종목] 엔젤로보틱스 상장 '나비효과'…로봇주 추격 vs. 조정 시 매수? (정윤성, 하창완, 김성훈)ㅣK-스탁 라이브ㅣ한국경제TV"
214,[#인기급상승] 미슐랭의 나라에서 현지인 반응 터진 치즈 등갈비찜🤤 과격한 말(?)이 절로 나오는 포포먼쓰ㅋㅋ | 장사천재백사장2
215,[#인기급상승] 나혼산 멤버 등장에 장르 파괴된 화사쇼! 한혜진X기안84 듀엣곡 〈겨울 고백〉 설레는 나레이션에 빵 터진 화사&이시언 ㅋㅋ | #화사쇼
216,"[인기 급상승 종목] 부진한 업황·금리인하 지연…2차전지 바닥 구간 길어질까? (정윤성, 곽영훈, 이권희, 하창완, 김성훈)ㅣK-스탁 라이브ㅣ한국경제TV"
217,[#인기급상승] 테리우스 안정환 (너무 잘생겨서) 열폭 하는 찐친들🤣 2002년 평정했던 안정환의 얼굴&축구 실력✨ | #손둥동굴
218,[#DEMO]🥉#인기급상승 #Sea Birds#미스터팡 #바다새라인댄스#korea#dance#linedance#초중급라인댄스#건강댄스#시니어건강#생활체육
219,[#인기급상승] 환불원정대 엄정화 흔한 50대의 복싱 실력🥊 팔에 잔근육 미쳤음.. 만옥언니 최고..!! | #온앤오프 #디글
220,[#인기급상승] 공간 활용 제로였던 퀸와사비의 집! 가구 재배치 만으로 얻은 깨끗한 드림 하우스🥰🏡 | #신박한정리2
221,[#인기급상승] 기억 속 모습과는 많이 달라진 일용이를 보고 놀란 혜자 엄마❓ 식구들을 향한 국민 엄마 김혜자의 진심 가득 격려💦 | #회장님네사람들
222,[#인기급상승] 보아도 인정한 K-POP계의 안무창작 천재 시미즈😍 계급미션 레전드 찍은 Pretty Savage와 약자 지목 배틀 댄스 모음집⭐ | #스우파 #디글
223,[#인기급상승] 상황이 뒤바뀐 진선규😨 전종서의 몸값을 매기다 자신의 몸이 경매에 붙여지는데...! 그리고 그의 신장을 원하는 장률 | #몸값
224,"[#인기급상승] ""美친넘"" 한국어 딕션 GOOD👍 영어, 독일어, 한국어까지 완벽히 소화하는 미초바 요정님 열공 모먼트 모음 | #온앤오프 | #Diggle"
225,[#인기급상승] 마지막 날 아쉬움에 고장 나버린 유리의 눈물샘😢 정든 직원과의 이별에 촬영이 끝나도 멈추지 않는 눈물😭 | #장사천재백사장
226,"[인기 급상승 종목] 여전히 불 뿜는 AI 모멘텀…'숨은 수혜주' 아직도 있다! (정윤성, 하창완, 염정, 이기택, 반종민)ㅣK-스탁 라이브ㅣ한국경제TV"
227,[#인기급상승] 잦은 이별로 군견병에게 정을 주지 않던 군견😢 마지막 핸들러와 동반 전역 후 전우에서 가족이 된 행복한 레다💗 | #고독한훈련사
228,나 먹을 김도 남았죠..? 밥도둑 김 유럽에서 인기 급상승에 역대 최고 수출 달성!🐟 우리 수산식품 30억 달러 수출! 1등 먹은 #김 핫한 슈퍼 참치 🌍 K-Seafood
229,[#인기급상승] 전기 생성 원리에서부터 적정기술에 대한 이야기를 한 번에 풀어내는 김상욱 교수님!🧲 은지원과 송민호가 느낀 과학의 매력은? | #신기한과학나라
230,"[인기 급상승 종목]놀라운 음식료株 '역대급 랠리'…'찻잔 속 태풍'으로 그칠까? (정윤성, 정영훈, 정태근, 이화진, 이광무)ㅣK-스탁 라이브ㅣ한국경제TV"
231,[#인기급상승] 바달집에 놀러 온 배우 김유정! 직접 만든 겉바속촉 통삼겹 바비큐와 김치 수제비 미친 비주얼의 먹방🥩 | #바퀴달린집2 #디글
232,[#인기급상승] 감정부터 앞서는 남편VS이성적이고 싶은 아내.. 강압적인 폭언으로 인해 점점 쌓이는 오해들 | #결혼과이혼사이
233,[#인기급상승] 4kg 벌크업 하고 더 강해진 홍범석! 배지기 기술까지 더해 테리스 브라운 넘겨버리는 괴물 같은 실력ㄷㄷ | #씨름의제왕
234,최근 인기 급상승 중인 개그맨 '이선민'이 말하는 가장 큰 변화(feat. 수입 10배💰) | KBS 260629 방송
235,"[#인기급상승] 과알못들 이리 오세요🙌 김상욱 교수님이 겨울왕국, 스타워즈로 알려주는 영화 속 적용되는 과학 원리✨ | #심기한과학나라"
236,인기 급상승🔥 MVP 김선빈 김도영의 한우 토크 2편
237,"[인기 급상승 종목] ""지금 사도 늦지 않았다!""…경쟁사 없는 조선株는? (정윤성, 곽영훈, 이권희, 김성훈, 하창완)ㅣK-스탁 라이브ㅣ한국경제TV"
238,"[#인기급상승] 치팅데이엔 매운 음식이지❤ 떡볶이와 매운 냉면 먹는 아이유X지연, 니콜X소유 찐친 먹방 모아보기🤤 | #온앤오프 #디글"
239,[#인기급상승] 아빠들 모두를 딸바보로 만드는 매직💖 스카이 다이빙하러 가는 추성훈을 꼬옥 안아주는 사랑이! | #이젠날따라와
240,"[#인기급상승] 도둑 든 거 아니죠...?😧 거실에는 냉장고, 부엌엔 칫솔, 치약...? 개성과 쓰레기가 넘쳐나는 퀸와사비의 집 | #신박한정리2"
241,두여인 - 수진이 (원곡 김소유) #트로트 #인기급상승 #신나는트로트 #낭만트로트 #장민음악 #효사랑
242,[#인기급상승] 여자친구 없을 때 벌어진 대화 ㄷㄷ #발레커플 위기?!😥 솔직함이 문제가 된 김태석ㅠ | #2억9천
243,[#인기급상승] 무패 신화! 실제 현역 씨름 선수들과 겨뤄도 지지 않는 에이스 주장 강소연 클라스🔥 | #씨름의여왕
244,인기 급상승 동영상 #1_Trendig Video #1_[Iron Middle Finger ; 철의중지] Episode 02
245,[#인기급상승] 조이한테 차이고 요구르트 과음하는 송강🐥 나 몰랐는데 송강 좋아하네… 나빌레라 방영 시작까지 숨참습니다 | #그거너사 #디글
246,"[인기 급상승 종목] 비트코인 이어 이더리움도?!…ETF 승인 앞둔 '슈팅' 또 나올까? (정윤성, 곽영훈, 이권희, 김성훈, 하창완)ㅣK-스탁 라이브ㅣ한국경제TV"
247,[#인기급상승] 무아지경 폭풍 왁킹 This is 가비ㅋㅋ 파격적인 프리스타일에 원샷 제대로 뺏기고 멘붕 온 안무위KEY🤣| #놀라운토요일
248,[#인기급상승] 숙소를 떠나 혼자 살게 된 오마이걸 효정! 독립을 선택한 진짜 이유는.. 유튜브?? | #온앤오프 | #Diggle
249,"[#인기급상승] ""주제넘게 내 앞에서 패션 아는 척을 해?"" 선 넘는 보좌관 토마토 주스 샤워 시키는 김성령😈 | #킬힐"
250,[#인기급상승] 블랙큐의 안무 카피 속도에 모두 다 ATTENTION~ 이정도면 인간 복사기 아니야..!? | #스트릿맨파이터
251,[#인기급상승] 놀토 제대로 찢고간 노제X아이키 흐뭇한 관계성 모음💘 노제의 미쳤어부터 아이키의 미국춤까지 춤선 미쳤다;; (NozeXAiki) | #놀라운토요일 #디글
252,[#인기급상승] 최약체 발레 커플 vs 해군 출신 커플 대결💥 최약체의 반란을 보여준 역전을 거듭한 미션ㄷㄷ | #2억9천
253,[#인기급상승] 스탭이 퇴사한다는 소식에 충격받고 우는 윤아(SNSD YOONA).. 메이크업 받다 눈물 파티( ᵒ̴̶̷̥́ _ᵒ̴̶̷̣̥̀ ) | #온앤오프 | #Diggle
254,[#인기급상승] 자취러 공감 오마이걸 효정의 블라인드 달기ㅋㅋㅋ 거친 드릴과 불안한 사다리.. 아주 옴망진창..🔨 | #온앤오프 | #Diggle
255,"[#인기급상승] 그것을 알려드림 유튜버 진용진 유퀴즈 등장! 형 이제 진짜 월클이다,,ㅠ│#유퀴즈온더블럭 | #Diggle"
256,[#인기급상승] 유산슬을 이을 지독한 트로트 컨셉 부캐 '둘째이모 김다비' 유퀴즈 모음♨ 1일 1깡?❌ 이젠 1일 1주라주라~! 🎤 | #유퀴즈온더블럭 | #Diggle
257,"[#인기급상승] (갈라쇼) 노제X아이키 이대로 끝? 가비, 리헤이와 바람피는 아이키 보고 멘붕 온 노제 반응ㅋㅋㅋ😂 댄서들이 직접 뽑은 진짜 베스트 커플은❓ | #스우파 #디글"
258,[인기 급상승] 어서와 제작진이 참다 참다 못 참고 개입해버린 순간들 모음 | #어서와한국은처음이지 | #MBCevery1 | EP.330 외
259,고창에서 왔어요 - 장민 (원곡 김현) #트로트 #인기급상승 #신나는트로트 #낭만트로트 #가수장민 #장민가수 #장민
260,[#인기급상승] 윤아는 인생 노잼 시기 없겠다. 거울만 봐도 재밌어서.. 도대체 이 얼굴이 어떻게 30대죠? | #온앤오프 | #Diggle
261,[#인기급상승] 첫날 맞아..?!😲 센스만점 알바생 덕분에 행복한 손님들💞 | #장사천재백사장2
262,[#인기급상승] 아빠의 즐거움을 위해 아픔을 견디고 포커페이스 유지하는 대견한 준수! 우리의 준수 언제 이렇게 컸어~? | #이젠날따라와
263,인기급상승🔺 누적 조회수 1000만‼️ 살도 빠지고 너무 맛있어서 거의 매일 먹는 양배추 요리 8가지
264,[#인기급상승] (성시경X김종국) 헬스의 신 김종국한테 PT 받은 썰 푼다🏋 누구보다 웨이트에 진심인 종국쌤과 함께하는 성시경 다이어트 일상ㅋㅋㅋ | #온앤오프 #디글
265,인기 급상승 동영상#2 #세븐틴 #아이유 #트로트 #좀비딸
266,인기 급상승~ 서울국제정원박람회! 🏡 🌿 서울숲공원 산책 | Seoul International Garden Show 2026
267,"가지를 이렇게 만드니 고기 보다 맛있다고 난리났어요 ""요즘 인기 급상승 바삭쫀득 가지요리"" 너무 맛있어서 가지 또 사러갑니다"
268,[#인기급상승] (풀버전) 브레이브걸스가 유퀴즈에 출연했다💜😆💜 롤린 역주행 신드롬 일으킨 쁘걸 자기님들 30분 모음집 | #유퀴즈온더블럭 #디글
269,[청춘은 아름다워] 인기급상승 우비소녀 김다래 어린나이 선택했던 일본행
270,친구 시어머님이 알려주신 특별비법 고추다대기 만들기#인기급상승동영상 #1인식사
271,🔥인기 급상승 컬러🔥9월 정말 작정하고 퍼드리겠습니다! BMW 520i 베이스 옥사이드 그레이 컬러로만 2대 동시 출고완료 I 킹영선
272,[#인기급상승] 낭만고양이에 누가 코러스 넣었어❗ 양심고백 ❗❗ | #빽사이코러스 #디글
273,[#인기급상승 ] 여자씨름 초박빙의 대결_승리의 여신은?!
274,[#인기급상승] 닭 1200마리를 먹으면서 개발했다는 불X 볶음면🔥 연구원 자기님이 직접 알려주는 매운 볶음면 맛있게 먹는 비법👍🏻 | #유퀴즈온더블럭 #디글
275,청계천 🐥 아기오리 6남매!!! 🐳 청계천 오리 가족 인기 급상승 | Cheonggyecheon Baby Duck Six Siblings!!! #청계천 #오리가족
276,[#인기급상승] 서준이 시점이 사실 반려견 시점? 사랑하는 두 강아지를 위해 그 누구보다 열심히 살아온 서준맘 본캐 박세미💛 | #고독한훈련사 #서준맘 #박세미
277,"K팝 가수들, ‘빌보드 200’ 3주 연속 1위 [잇슈 컬처] / KBS 2026.09.01."
278,"[#인기급상승] ""애들 그냥 애 낳게 하자"" 악연에서 필연으로 눈물의 사과 끝에 사돈 관계로 인정한 아빠들😥 | #우리들의블루스"
279,[#인기급상승] 유리&존박 매력에 빠져버린 현지인🤣 백반집 갔다가 한국어로 전공 바꾼 SSUL 풉니다 | #장사천재백사장
280,"[#인기급상승] 잊힌 영웅, 한국전쟁 참전용사들을 찾아가 기록하는 라미 작가님의 숭고한 작업 | #유퀴즈온더블럭 #디글"
281,"[#인기급상승] 역주행 D-1, 숙소에서 나와 해체 직전이었던 브레이브걸스😭 영화보다 더 영화같은 브레이브걸스의 새로운 시작을 응원합니다💖 | #유퀴즈온더블럭 #디글"
282,"요즘 문의와 출고가 정말 많은 1시리즈, 인기 급상승한 이유가??[이성일의 120 M스포츠]"
283,🔴2026 올해의 브랜드 대상 생중계 - Timeless yet Timely🔴
284,[스페셜] (120분) 3억짜리 외제차 자랑부터 파손까지💥 도로 위 역대급 진상들🤬 | 8월 블랙박스 모음집 | 한블리 (한문철의 블랙박스 리뷰) | JTBC 260812 방송 외
285,"[#인기급상승] ※감동주의※ 미주 울려버린 유재석의 진심어린 위로😥 어쩌면 우리 모두가 듣고싶었던 한 마디. ""너 잘 하고 있어""💦 | #식스센스2 #디글"
286,리니지 클래식[안타라스] 고장킹사또 최강 인트 요정 #사또 #이문주 #불도그 #리니지클래식
287,한반도 쪽으로 세력 키우는 섬뜩한 장면…태평양에서 날아든 '기현상' 예고 [에디터픽] / YTN
288,🚈 인기 급상승! 서울숲과 성수를 아우르는 역대 최대 규모 서울국제정원박람회/SEOUL INTERNATIONAL GARDEN SHOW
289,"유튜브 조회수, 갑자기 대놓고 뻥튀기 된 이유"
290,[#인기급상승] 축🎉 솔라(Solar) 대형 트레일러 면허 합격!! T 코스 5분 컷 해치우는 용선 클라쓰에 반한다ㅠㅠㅠ | #온앤오프 | #Diggle
291,"[속보] 정부, 종부세 비거주1주택 기본공제 축소안 폐기.. 현행 12억 유지 - [MBC뉴스속보] MBC뉴스 2026년 09월 01일"
292,"[🔴속보] 6백여 명 갇혀 있는 네팔 터널 ""물도, 음식도 없어""..터널 입구도 매몰 ""뚫지 말고 폭파해!"" 시간과의 사투 / SBS 뉴스속보"
293,"코스피 실시간 속보/뉴스 방송 ( 한국증시, 삼성전자, SK하이닉스, 현대자동차 )"
294,궤도와 리애니멀 DLC 플레이
295,[솔인챈트] 린델1/ 월간 주간 패키지깡 해보자 !! 릴리탈출하자!! #솔인챈트 #sol #똘끼 #동일
296,[#인기급상승] 치팅데이 제대로 즐기는 매운맛 마니아 소유의 매운 냉면 먹방🔥 Spicy Noodle Mukbang│#온앤오프│#Diggle
297,"케데헌 '골든', 올해 유튜브 최고 인기곡으로 뽑혔다 / SBS / 굿모닝연예"
298,Live]부천#김용국처럼#부천#드래곤엔터#백대종
299,#황영웅 #인기급상승 #모르리 #빗속에서 #노란 샤쓰입은 사나이 #가을동화 #응원생방송
300,"한국 가요톱10 1등 시상식, Korean song Top 10 awards ceremony"
301,"[가수 이예준]유튜브 인기 급상승 3위 싹쓸이! 기계마저 압도한 'AI 보컬' 이예준, 13년 무명 설움 씻고 대한민국 차트 발칵 뒤집은 소름 돋는 현재 상황"
302,K-팝 무한질주…‘케데헌’ 주제곡 빌보드 1위 / KBS 2025.08.13.
303,K-팝 무한질주…‘케데헌’ 주제곡 빌보드 1위 / KBS 2025.08.12.
304,[와우스튜디오] 인기급상승 아이돌예능! (K-POP)
305,[와우스튜디오] 인기급상승 아이돌예능! (K-POP)
306,"인기 급상승🔥 출,퇴근길 직장인을 위한! 듣자마자 빵빵! 터지는 노래~🎶 2025 신나는 트로트 메들리 모음 . 휴가중🌴 노래 들으면 쓰러집니다🎶 │ 차 안에서 듣기 좋은 트로트"
307,"이윤희씨 실종 19년만에 드러난 용의자? 등신대를 훼손한건, 익숙한 그놈..!!| 디바제시카 인기영상"
308,2025년 4월 1주 2주 인기급상승 조회수 TOP 3 핫이슈 유튜브 #인기급상승영상
309,[#인기급상승 ]체급을 뛰어넘는 기술의 힘 /여자씨름 대회
